"DESCRIPTION","DURATION IN MS","NAME","PARENT SUITE","START TIME","STATUS","STOP TIME","SUB SUITE","SUITE","TEST CLASS","TEST METHOD"
"","8921","Valid customer login @master @sanity @regression @web","chromium","2026-09-26","passed","2026-09-26","","web/opencart-account.spec.ts","",""
"","4340","Login row 2: Invalid login @master @regression @datadriven @web","chromium","2026-09-26","passed","2026-09-26","","web/opencart-login-data-driven.spec.ts","",""
"","3435","Valid customer login @master @sanity @regression @web","chromium","2026-09-26","passed","2026-09-26","","web/opencart-account.spec.ts","",""
"","11789","Invalid customer login @master @regression @web","chromium","2026-09-26","passed","2026-09-26","","web/opencart-account.spec.ts","",""
"","10418","Customer logout @master @sanity @regression @web","chromium","2026-09-26","passed","2026-09-26","","web/opencart-account.spec.ts","",""
"","3705","Invalid customer login @master @regression @web","chromium","2026-09-26","passed","2026-09-26","","web/opencart-account.spec.ts","",""
"","10583","Complete customer shopping journey @master @regression @end-to-end @web","chromium","2026-09-26","passed","2026-09-26","","web/opencart-shopping.spec.ts","",""
"","4507","Customer logout @master @sanity @regression @web","chromium","2026-09-26","passed","2026-09-26","","web/opencart-account.spec.ts","",""
"","2299","Invalid customer login @master @regression @web","chromium","2026-09-26","passed","2026-09-26","","web/opencart-account.spec.ts","",""
"","2879","Login row 4: Invalid login @master @regression @datadriven @web","chromium","2026-09-26","passed","2026-09-26","","web/opencart-login-data-driven.spec.ts","",""
"","2870","Login row 5: Invalid login @master @regression @datadriven @web","chromium","2026-09-26","passed","2026-09-26","","web/opencart-login-data-driven.spec.ts","",""
"","2608","Login row 3: Invalid login @master @regression @datadriven @web","chromium","2026-09-26","passed","2026-09-26","","web/opencart-login-data-driven.spec.ts","",""
"","4326","Login row 5: Invalid login @master @regression @datadriven @web","chromium","2026-09-26","passed","2026-09-26","","web/opencart-login-data-driven.spec.ts","",""
"","6268","Customer registration @master @sanity @regression @web","chromium","2026-09-26","passed","2026-09-26","","web/opencart-account.spec.ts","",""
"","4048","Add product to cart @master @sanity @regression @web","chromium","2026-09-26","passed","2026-09-26","","web/opencart-shopping.spec.ts","",""
"","5629","Valid customer login @master @sanity @regression @web","chromium","2026-09-26","passed","2026-09-26","","web/opencart-account.spec.ts","",""
"","6288","Login row 4: Invalid login @master @regression @datadriven @web","chromium","2026-09-26","passed","2026-09-26","","web/opencart-login-data-driven.spec.ts","",""
"","4227","Login row 1: Valid login @master @regression @datadriven @web","chromium","2026-09-26","passed","2026-09-26","","web/opencart-login-data-driven.spec.ts","",""
"","2838","Login row 1: Valid login @master @regression @datadriven @web","chromium","2026-09-26","passed","2026-09-26","","web/opencart-login-data-driven.spec.ts","",""
"","4785","Customer logout @master @sanity @regression @web","chromium","2026-09-26","passed","2026-09-26","","web/opencart-account.spec.ts","",""
"","5545","Login row 1: Valid login @master @regression @datadriven @web","chromium","2026-09-26","passed","2026-09-26","","web/opencart-login-data-driven.spec.ts","",""
"","2228","Product search @master @sanity @regression @web","chromium","2026-09-26","passed","2026-09-26","","web/opencart-shopping.spec.ts","",""
"","3666","Login row 2: Invalid login @master @regression @datadriven @web","chromium","2026-09-26","passed","2026-09-26","","web/opencart-login-data-driven.spec.ts","",""
"","14783","Customer registration @master @sanity @regression @web","chromium","2026-09-26","passed","2026-09-26","","web/opencart-account.spec.ts","",""
"","9893","Complete customer shopping journey @master @regression @end-to-end @web","chromium","2026-09-26","passed","2026-09-26","","web/opencart-shopping.spec.ts","",""
"","6780","Customer registration @master @sanity @regression @web","chromium","2026-09-26","passed","2026-09-26","","web/opencart-account.spec.ts","",""
"","3365","Product search @master @sanity @regression @web","chromium","2026-09-26","passed","2026-09-26","","web/opencart-shopping.spec.ts","",""
"","4529","Add product to cart @master @sanity @regression @web","chromium","2026-09-26","passed","2026-09-26","","web/opencart-shopping.spec.ts","",""
"","3022","Login row 4: Invalid login @master @regression @datadriven @web","chromium","2026-09-26","passed","2026-09-26","","web/opencart-login-data-driven.spec.ts","",""
"","6479","Login row 3: Invalid login @master @regression @datadriven @web","chromium","2026-09-26","passed","2026-09-26","","web/opencart-login-data-driven.spec.ts","",""
"","3998","Login row 5: Invalid login @master @regression @datadriven @web","chromium","2026-09-26","passed","2026-09-26","","web/opencart-login-data-driven.spec.ts","",""
"","3033","Login row 2: Invalid login @master @regression @datadriven @web","chromium","2026-09-26","passed","2026-09-26","","web/opencart-login-data-driven.spec.ts","",""
"","2343","Product search @master @sanity @regression @web","chromium","2026-09-26","passed","2026-09-26","","web/opencart-shopping.spec.ts","",""
"","10964","Complete customer shopping journey @master @regression @end-to-end @web","chromium","2026-09-26","passed","2026-09-26","","web/opencart-shopping.spec.ts","",""
"","4918","Add product to cart @master @sanity @regression @web","chromium","2026-09-26","passed","2026-09-26","","web/opencart-shopping.spec.ts","",""
"","4441","Login row 3: Invalid login @master @regression @datadriven @web","chromium","2026-09-26","passed","2026-09-26","","web/opencart-login-data-driven.spec.ts","",""
